WE1,,,WE2,,,WE3,,,Chip
Avg I (nA),Avg Baseline (nA),Avg V (V),Avg I (nA),Avg Baseline (nA),Avg V (V),Avg I (nA),Avg Baseline (nA),Avg V (V),Avg I (nA),Avg Baseline (nA),Avg V (V)
532.3614407236528,491.5067287884439,-0.2786501682855492,573.0123298132708,125.37104653187335,-0.2756816300410203,494.1215464418274,-51.999942809020915,-0.2708918431137443,533.1651056595837,188.29261083709878,-0.27507454714677126
563.7893203642633,498.46494448635826,-0.3172480499087094,623.9446402789735,116.68750391106678,-0.3141741814232882,538.2463807484904,-45.58081684412707,-0.3084280193793965,575.326780463909,189.857210517766,-0.3132834169037981
549.1806734519131,494.90797616604317,-0.2786454281529676,573.5836615539616,120.69279994189434,-0.2753930108684474,493.15054013851176,-44.642547284629046,-0.2701198135794613,538.6382917147955,190.31940960776947,-0.27471941753362544
598.0801089700578,485.22055052388305,-0.31165103792600296,666.9129064671546,115.67597240586868,-0.30648428999976324,530.6012561032345,-37.32139959615131,-0.3012530258152821,598.5314238468155,187.8583744445335,-0.3064627845803494
624.759152097377,474.7908290100909,-0.30453372258627587,647.003246947006,102.63173878196575,-0.2995593918483946,562.2869690890103,-21.493054635927738,-0.29240615586302016,611.3497893777977,185.30983771870964,-0.2988330900992302
567.2442230489091,487.87100540163703,-0.2742787796222657,576.5969159277302,108.51398021736418,-0.2711265806824817,525.5695556063285,-30.05960117119655,-0.2641993754237064,556.470231527656,188.77512814926823,-0.26986824524281794
622.5014346679657,504.38190704119194,-0.35947102296295563,598.1769440107355,174.07618832662442,-0.3599740054137401,-295.5484917058848,176.89265204762765,-0.20248708594226814,308.3766289909388,285.116915805148,-0.307310704772988
525.8772378891289,528.4863356005511,-0.35748663254246965,532.7527398898159,164.0003535185803,-0.3588485222071888,-4.3680028522906404,-85.49249932659829,-0.09074760927933001,351.4206583088847,202.33139659751103,-0.2690275880096628
